{"loss": [10.599543032990079, 10.73369391099736, 10.912101790118275, 11.128588847997285], "bleu": [0.6770720407899168, 0.6770720407899168, 0.6770720407899168, 0.6770720407899168]}