{"loss": [4.1219696990672405, 3.9228051062932403, 3.8319839246974454, 3.78568853094813], "bleu": [0.1306449553855731, 0.14370318489846928, 0.14358928004520796, 0.15072574800977823]}