{"loss": [4.1219470070374005, 3.9296504306338034, 3.834628899950349, 3.783723721496951, 3.752888130749313, 3.7341410817103324, 3.7272421755534775, 3.7231028684777105, 3.7192668538397813, 3.721355775677335], "bleu": [0.1268273769553215, 0.13828579408530756, 0.14859816371668153, 0.15191133555430938, 0.1531033123904959, 0.15509868560979426, 0.156414789749511, 0.1561931473554825, 0.15623589899528473, 0.1582390170904633]}